{
  "model_path": "artifacts_tuning_smoke\\nids_model_tuned.joblib",
  "data_path": "Bruteforce-Tuesday-no-metadata.parquet",
  "sample_frac": 0.02,
  "n_rows": 7794,
  "n_features_used": 77,
  "classes": [
    "Benign",
    "FTP-Patator",
    "SSH-Patator"
  ],
  "has_ground_truth": true,
  "accuracy": 0.999871696176546,
  "f1_macro": 0.9966111143160971,
  "f1_weighted": 0.9998710523888151,
  "classification_report": {
    "Benign": {
      "precision": 0.9998687147170802,
      "recall": 1.0,
      "f1-score": 0.9999343530493009,
      "support": 7616.0
    },
    "FTP-Patator": {
      "precision": 1.0,
      "recall": 1.0,
      "f1-score": 1.0,
      "support": 128.0
    },
    "SSH-Patator": {
      "precision": 1.0,
      "recall": 0.98,
      "f1-score": 0.98989898989899,
      "support": 50.0
    },
    "accuracy": 0.999871696176546,
    "macro avg": {
      "precision": 0.9999562382390268,
      "recall": 0.9933333333333333,
      "f1-score": 0.9966111143160971,
      "support": 7794.0
    },
    "weighted avg": {
      "precision": 0.9998717130209498,
      "recall": 0.999871696176546,
      "f1-score": 0.9998710523888151,
      "support": 7794.0
    }
  },
  "confusion_matrix": [
    [
      7616,
      0,
      0
    ],
    [
      0,
      128,
      0
    ],
    [
      1,
      0,
      49
    ]
  ],
  "roc_auc_ovr_weighted": 0.9998497284731169
}